Hugo Symbol	Entrez Gene ID	GRCh37 Isoform	GRCh37 RefSeq	GRCh38 Isoform	GRCh38 RefSeq	Is Oncogene	Is Tumor Suppressor Gene	# of occurrence within resources (Column J-P)	OncoKB Annotated	MSK-IMPACT	MSK-HEME	FOUNDATION ONE	FOUNDATION ONE HEME	Vogelstein	COSMIC CGC (v99)	Gene Aliases
ABL1	25	ENST00000318560	NM_005157.4	ENST00000318560	NM_005157.4	Yes	No	7	Yes	Yes	Yes	Yes	Yes	Yes	Yes	ABL, JTK7, c-ABL
AKT1	207	ENST00000349310	NM_001014431.1	ENST00000349310	NM_001014431.1	Yes	No	7	Yes	Yes	Yes	Yes	Yes	Yes	Yes	AKT, PKB, PRKBA, RAC, RAC-alpha
ALK	238	ENST00000389048	NM_004304.4	ENST00000389048	NM_004304.4	Yes	No	7	Yes	Yes	Yes	Yes	Yes	Yes	Yes	CD246
AMER1	139285	ENST00000330258	NM_152424.3	ENST00000374869	NM_152424.3	No	Yes	7	Yes	Yes	Yes	Yes	Yes	Yes	Yes	FAM123B, FLJ39827, RP11-403E24.2, WTX
APC	324	ENST00000257430	NM_000038.5	ENST00000257430	NM_000038.5	No	Yes	7	Yes	Yes	Yes	Yes	Yes	Yes	Yes	DP2.5, PPP1R46
AR	367	ENST00000374690	NM_000044.3	ENST00000374690	NM_000044.3	Yes	No	7	Yes	Yes	Yes	Yes	Yes	Yes	Yes	AIS, DHTR, HUMARA, NR3C4, SBMA, SMAX1
ARID1A	8289	ENST00000324856	NM_006015.4	ENST00000324856	NM_006015.4	No	Yes	7	Yes	Yes	Yes	Yes	Yes	Yes	Yes	B120, BAF250, BAF250a, C10rf4, C1orf4, P270, SMARCF1
ASXL1	171023	ENST00000375687	NM_015338.5	ENST00000375687	NM_015338.5	No	Yes	7	Yes	Yes	Yes	Yes	Yes	Yes	Yes	KIAA0978
ATM	472	ENST00000278616	NM_000051.3	ENST00000278616	NM_000051.3	No	Yes	7	Yes	Yes	Yes	Yes	Yes	Yes	Yes	ATA, ATC, ATD, ATDC, TEL1, TELO1
ATRX	546	ENST00000373344	NM_000489.3	ENST00000373344	NM_000489.3	No	Yes	7	Yes	Yes	Yes	Yes	Yes	Yes	Yes	JMS, MRX52, RAD54, XH2, XNP
AXIN1	8312	ENST00000262320	NM_003502.3	ENST00000262320	NM_003502.3	No	Yes	7	Yes	Yes	Yes	Yes	Yes	Yes	Yes	PPP1R49
BAP1	8314	ENST00000460680	NM_004656.3	ENST00000460680	NM_004656.3	No	Yes	7	Yes	Yes	Yes	Yes	Yes	Yes	Yes	KIAA0272, UCHL2, hucep-6
BCL2	596	ENST00000333681	NM_000633.2	ENST00000333681	NM_000633.2	Yes	No	7	Yes	Yes	Yes	Yes	Yes	Yes	Yes	Bcl-2, PPP1R50
BCOR	54880	ENST00000378444	NM_001123385.1	ENST00000378444	NM_001123385.1	No	Yes	7	Yes	Yes	Yes	Yes	Yes	Yes	Yes	FLJ20285, KIAA1575
BRAF	673	ENST00000288602	NM_004333.4	ENST00000646891	NM_004333.4	Yes	No	7	Yes	Yes	Yes	Yes	Yes	Yes	Yes	BRAF1
BRCA1	672	ENST00000357654	NM_007294.3	ENST00000357654	NM_007294.3	No	Yes	7	Yes	Yes	Yes	Yes	Yes	Yes	Yes	FANCS, PPP1R53, RNF53
BRCA2	675	ENST00000380152	NM_000059.3	ENST00000380152	NM_000059.3	No	Yes	7	Yes	Yes	Yes	Yes	Yes	Yes	Yes	FAD1, FANCD1, XRCC11
CARD11	84433	ENST00000396946	NM_032415.4	ENST00000396946	NM_032415.4	Yes	No	7	Yes	Yes	Yes	Yes	Yes	Yes	Yes	BIMP3, CARMA1
CBL	867	ENST00000264033	NM_005188.3	ENST00000264033	NM_005188.3	No	Yes	7	Yes	Yes	Yes	Yes	Yes	Yes	Yes	CBL2, RNF55, c-Cbl
CDC73	79577	ENST00000367435	NM_024529.4	ENST00000367435	NM_024529.4	No	Yes	7	Yes	Yes	Yes	Yes	Yes	Yes	Yes	C1orf28, FIHP, HRPT1, HRPT2, parafibromin
CDH1	999	ENST00000261769	NM_004360.3	ENST00000261769	NM_004360.3	No	Yes	7	Yes	Yes	Yes	Yes	Yes	Yes	Yes	CD324, UVO, uvomorulin
CDKN2A	1029	ENST00000304494	NM_000077.4	ENST00000304494	NM_000077.4	No	Yes	7	Yes	Yes	Yes	Yes	Yes	Yes	Yes	ARF, CDKN2, CMM2, INK4, INK4a, MLM, p14, p14ARF, p16, p16INK4a, p19Arf
CEBPA	1050	ENST00000498907	NM_004364.3	ENST00000498907	NM_004364.3	No	Yes	7	Yes	Yes	Yes	Yes	Yes	Yes	Yes	C/EBP-alpha, CEBP
CIC	23152	ENST00000575354	NM_015125.3	ENST00000575354	NM_015125.3	No	Yes	7	Yes	Yes	Yes	Yes	Yes	Yes	Yes	KIAA0306
CREBBP	1387	ENST00000262367	NM_004380.2	ENST00000262367	NM_004380.2	No	Yes	7	Yes	Yes	Yes	Yes	Yes	Yes	Yes	KAT3A, RSTS, RTS
CTNNB1	1499	ENST00000349496	NM_001904.3	ENST00000349496	NM_001904.3	Yes	No	7	Yes	Yes	Yes	Yes	Yes	Yes	Yes	CTNNB, armadillo, beta-catenin
DAXX	1616	ENST00000374542	NM_001141970.1	ENST00000266000	NM_001141970.1	No	Yes	7	Yes	Yes	Yes	Yes	Yes	Yes	Yes	DAP6
DNMT3A	1788	ENST00000264709	NM_022552.4	ENST00000264709	NM_022552.4	No	Yes	7	Yes	Yes	Yes	Yes	Yes	Yes	Yes	
EGFR	1956	ENST00000275493	NM_005228.3	ENST00000275493	NM_005228.3	Yes	No	7	Yes	Yes	Yes	Yes	Yes	Yes	Yes	ERBB, ERBB1, ERRP
EP300	2033	ENST00000263253	NM_001429.3	ENST00000263253	NM_001429.3	No	Yes	7	Yes	Yes	Yes	Yes	Yes	Yes	Yes	KAT3B, p300
ERBB2	2064	ENST00000269571	NM_004448.2	ENST00000269571	NM_004448.2	Yes	No	7	Yes	Yes	Yes	Yes	Yes	Yes	Yes	CD340, HER-2, HER2, NGL
EZH2	2146	ENST00000320356	NM_004456.4	ENST00000320356	NM_004456.4	Yes	Yes	7	Yes	Yes	Yes	Yes	Yes	Yes	Yes	ENX-1, KMT6, KMT6A
FBXW7	55294	ENST00000281708	NM_033632.3	ENST00000281708	NM_033632.3	No	Yes	7	Yes	Yes	Yes	Yes	Yes	Yes	Yes	AGO, CDC4, FBW7, FBX30, FBXW6, FLJ11071, SEL-10, SEL10
FGFR2	2263	ENST00000358487	NM_000141.4	ENST00000358487	NM_000141.4	Yes	No	7	Yes	Yes	Yes	Yes	Yes	Yes	Yes	BEK, CD332, CEK3, CFD1, ECT1, JWS, K-SAM, KGFR, TK14, TK25
FGFR3	2261	ENST00000260795	NM_000142.4	ENST00000440486	NM_000142.4	Yes	No	7	Yes	Yes	Yes	Yes	Yes	Yes	Yes	ACH, CD333, CEK2, JTK4
FLT3	2322	ENST00000241453	NM_004119.2	ENST00000241453	NM_004119.2	Yes	No	7	Yes	Yes	Yes	Yes	Yes	Yes	Yes	CD135, FLK2, STK1
FOXL2	668	ENST00000330315	NM_023067.3	ENST00000648323	NM_023067.3	Yes	Yes	7	Yes	Yes	Yes	Yes	Yes	Yes	Yes	BPES, BPES1
GATA3	2625	ENST00000346208	NM_002051.2	ENST00000346208	NM_002051.2	Yes	Yes	7	Yes	Yes	Yes	Yes	Yes	Yes	Yes	HDR
GNA11	2767	ENST00000078429	NM_002067.2	ENST00000078429	NM_002067.2	Yes	No	7	Yes	Yes	Yes	Yes	Yes	Yes	Yes	FBH, FBH2, FHH2, HHC2
GNAQ	2776	ENST00000286548	NM_002072.3	ENST00000286548	NM_002072.3	Yes	No	7	Yes	Yes	Yes	Yes	Yes	Yes	Yes	G-ALPHA-q, GAQ
GNAS	2778	ENST00000371085	NM_000516.4	ENST00000371085	NM_000516.4	Yes	No	7	Yes	Yes	Yes	Yes	Yes	Yes	Yes	GNAS1, GNASXL, GPSA, NESP, NESP55, SCG6, SgVI
HNF1A	6927	ENST00000257555	NM_000545.5	ENST00000257555	NM_000545.5	No	Yes	7	Yes	Yes	Yes	Yes	Yes	Yes	Yes	HNF1, LFB1, MODY3, TCF1
HRAS	3265	ENST00000451590	NM_005343.2	ENST00000451590	NM_005343.2	Yes	No	7	Yes	Yes	Yes	Yes	Yes	Yes	Yes	HRAS1
IDH1	3417	ENST00000345146	NM_005896.2	ENST00000345146	NM_005896.2	Yes	No	7	Yes	Yes	Yes	Yes	Yes	Yes	Yes	
IDH2	3418	ENST00000330062	NM_002168.2	ENST00000330062	NM_002168.2	Yes	No	7	Yes	Yes	Yes	Yes	Yes	Yes	Yes	
JAK1	3716	ENST00000342505	NM_002227.2	ENST00000342505	NM_002227.2	Yes	Yes	7	Yes	Yes	Yes	Yes	Yes	Yes	Yes	JAK1A, JAK1B, JTK3
JAK2	3717	ENST00000381652	NM_004972.3	ENST00000381652	NM_004972.3	Yes	No	7	Yes	Yes	Yes	Yes	Yes	Yes	Yes	JTK10
JAK3	3718	ENST00000458235	NM_000215.3	ENST00000458235	NM_000215.3	Yes	No	7	Yes	Yes	Yes	Yes	Yes	Yes	Yes	JAK-3, JAK3_HUMAN, JAKL, L-JAK, LJAK
KDM5C	8242	ENST00000375401	NM_004187.3	ENST00000375401	NM_004187.3	No	Yes	7	Yes	Yes	Yes	Yes	Yes	Yes	Yes	DXS1272E, JARID1C, MRX13, SMCX, XE169
KDM6A	7403	ENST00000377967	NM_021140.2	ENST00000377967	NM_021140.2	No	Yes	7	Yes	Yes	Yes	Yes	Yes	Yes	Yes	UTX
KIT	3815	ENST00000288135	NM_000222.2	ENST00000288135	NM_000222.2	Yes	No	7	Yes	Yes	Yes	Yes	Yes	Yes	Yes	C-Kit, CD117, PBT, SCFR
KMT2D	8085	ENST00000301067	NM_003482.3	ENST00000301067	NM_003482.3	No	Yes	7	Yes	Yes	Yes	Yes	Yes	Yes	Yes	ALR, CAGL114, MLL2, TNRC21
KRAS	3845	ENST00000311936	NM_004985.3	ENST00000311936	NM_004985.3	Yes	No	7	Yes	Yes	Yes	Yes	Yes	Yes	Yes	K-Ras4B, KRAS1, KRAS2
MAP2K1	5604	ENST00000307102	NM_002755.3	ENST00000307102	NM_002755.3	Yes	No	7	Yes	Yes	Yes	Yes	Yes	Yes	Yes	MAPKK1, MEK1, PRKMK1
MAP3K1	4214	ENST00000399503	NM_005921.1	ENST00000399503	NM_005921.1	No	Yes	7	Yes	Yes	Yes	Yes	Yes	Yes	Yes	MAPKKK1, MEKK, MEKK1
MED12	9968	ENST00000374080	NM_005120.2	ENST00000374080	NM_005120.2	Yes	Yes	7	Yes	Yes	Yes	Yes	Yes	Yes	Yes	ARC240, CAGH45, FGS1, HOPA, KIAA0192, Kto, OKS, TNRC11, TRAP230
MEN1	4221	ENST00000312049	NM_130799.2	ENST00000312049	NM_130799.2	No	Yes	7	Yes	Yes	Yes	Yes	Yes	Yes	Yes	
MET	4233	ENST00000397752	NM_000245.2	ENST00000397752	NM_000245.2	Yes	No	7	Yes	Yes	Yes	Yes	Yes	Yes	Yes	DFNB97, HGFR, RCCP2
MLH1	4292	ENST00000231790	NM_000249.3	ENST00000231790	NM_000249.3	No	Yes	7	Yes	Yes	Yes	Yes	Yes	Yes	Yes	COCA2, FCC2, HNPCC, HNPCC2
MPL	4352	ENST00000372470	NM_005373.2	ENST00000372470	NM_005373.2	Yes	No	7	Yes	Yes	Yes	Yes	Yes	Yes	Yes	CD110, THPOR, TPOR
MSH2	4436	ENST00000233146	NM_000251.2	ENST00000233146	NM_000251.2	No	Yes	7	Yes	Yes	Yes	Yes	Yes	Yes	Yes	COCA1, HNPCC1
MSH6	2956	ENST00000234420	NM_000179.2	ENST00000234420	NM_000179.2	No	Yes	7	Yes	Yes	Yes	Yes	Yes	Yes	Yes	GTBP
MYD88	4615	ENST00000396334	NM_002468.4	ENST00000396334	NM_002468.5	Yes	No	7	Yes	Yes	Yes	Yes	Yes	Yes	Yes	
NF1	4763	ENST00000356175	NM_000267.3	ENST00000356175	NM_000267.3	No	Yes	7	Yes	Yes	Yes	Yes	Yes	Yes	Yes	
NF2	4771	ENST00000338641	NM_000268.3	ENST00000338641	NM_000268.3	No	Yes	7	Yes	Yes	Yes	Yes	Yes	Yes	Yes	ACN, BANF, SCH, merlin, merlin-1
NFE2L2	4780	ENST00000397062	NM_006164.4	ENST00000397062	NM_006164.4	Yes	No	7	Yes	Yes	Yes	Yes	Yes	Yes	Yes	
NOTCH1	4851	ENST00000277541	NM_017617.3	ENST00000651671	NM_017617.5	Yes	Yes	7	Yes	Yes	Yes	Yes	Yes	Yes	Yes	TAN1
NOTCH2	4853	ENST00000256646	NM_024408.3	ENST00000256646	NM_024408.3	Yes	Yes	7	Yes	Yes	Yes	Yes	Yes	Yes	Yes	
NPM1	4869	ENST00000296930	NM_002520.6	ENST00000296930	NM_002520.6	No	Yes	7	Yes	Yes	Yes	Yes	Yes	Yes	Yes	B23, NPM
NRAS	4893	ENST00000369535	NM_002524.4	ENST00000369535	NM_002524.4	Yes	No	7	Yes	Yes	Yes	Yes	Yes	Yes	Yes	N-ras
PAX5	5079	ENST00000358127	NM_016734.2	ENST00000358127	NM_016734.2	Yes	Yes	7	Yes	Yes	Yes	Yes	Yes	Yes	Yes	BSAP
PBRM1	55193	ENST00000394830	NM_018313.4	ENST00000394830	NM_018313.4	No	Yes	7	Yes	Yes	Yes	Yes	Yes	Yes	Yes	BAF180, PB1
PDGFRA	5156	ENST00000257290	NM_006206.4	ENST00000257290	NM_006206.4	Yes	No	7	Yes	Yes	Yes	Yes	Yes	Yes	Yes	CD140a, GAS9, PDGFR2
PIK3CA	5290	ENST00000263967	NM_006218.2	ENST00000263967	NM_006218.2	Yes	No	7	Yes	Yes	Yes	Yes	Yes	Yes	Yes	PI3K
PIK3R1	5295	ENST00000274335	NM_181523.2	ENST00000521381	NM_181523.2	No	Yes	7	Yes	Yes	Yes	Yes	Yes	Yes	Yes	GRB1, p85-ALPHA
PPP2R1A	5518	ENST00000322088	NM_014225.5	ENST00000322088	NM_014225.5	No	Yes	7	Yes	Yes	Yes	Yes	Yes	Yes	Yes	PP2A-Aalpha, PP2AA, PR65A
PRDM1	639	ENST00000369096	NM_001198.3	ENST00000369096	NM_001198.3	No	Yes	7	Yes	Yes	Yes	Yes	Yes	Yes	Yes	BLIMP1, PRDI-BF1
PTCH1	5727	ENST00000331920	NM_000264.3	ENST00000331920	NM_000264.3	No	Yes	7	Yes	Yes	Yes	Yes	Yes	Yes	Yes	BCNS, NBCCS, PTCH
PTEN	5728	ENST00000371953	NM_000314.4	ENST00000371953	NM_000314.4	No	Yes	7	Yes	Yes	Yes	Yes	Yes	Yes	Yes	BZS, MHAM, MMAC1, PTEN1
PTPN11	5781	ENST00000351677	NM_002834.3	ENST00000351677	NM_002834.3	Yes	No	7	Yes	Yes	Yes	Yes	Yes	Yes	Yes	BPTP3, NS1, PTP2C, SH-PTP2, SHP-2, SHP2
RB1	5925	ENST00000267163	NM_000321.2	ENST00000267163	NM_000321.2	No	Yes	7	Yes	Yes	Yes	Yes	Yes	Yes	Yes	OSRC, PPP1R130, RB
RET	5979	ENST00000355710	NM_020975.4	ENST00000355710	NM_020975.4	Yes	No	7	Yes	Yes	Yes	Yes	Yes	Yes	Yes	CDHF12, CDHR16, HSCR1, MEN2A, MEN2B, MTC1, RET51
RNF43	54894	ENST00000407977	NM_017763.4	ENST00000407977	NM_017763.4	No	Yes	7	Yes	Yes	Yes	Yes	Yes	Yes	Yes	DKFZp781H0392, FLJ20315, URCC
SETD2	29072	ENST00000409792	NM_014159.6	ENST00000409792	NM_014159.6	No	Yes	7	Yes	Yes	Yes	Yes	Yes	Yes	Yes	FLJ23184, HIF-1, HYPB, KIAA1732, KMT3A
SF3B1	23451	ENST00000335508	NM_012433.2	ENST00000335508	NM_012433.2	Yes	No	7	Yes	Yes	Yes	Yes	Yes	Yes	Yes	Hsh155, PRPF10, Prp10, SAP155, SF3b155
SMAD2	4087	ENST00000262160	NM_001003652.3	ENST00000262160	NM_001003652.3	No	Yes	7	Yes	Yes	Yes	Yes	Yes	Yes	Yes	JV18-1, MADH2, MADR2
SMAD4	4089	ENST00000342988	NM_005359.5	ENST00000342988	NM_005359.5	No	Yes	7	Yes	Yes	Yes	Yes	Yes	Yes	Yes	DPC4, MADH4
SMARCA4	6597	ENST00000358026	NM_001128849.1	ENST00000646693	NM_001128849.3	No	Yes	7	Yes	Yes	Yes	Yes	Yes	Yes	Yes	BRG1, FLJ39786, SNF2-BETA, SNF2L4, hSNF2b
SMARCB1	6598	ENST00000263121	NM_003073.3	ENST00000618915	NM_003073.3	No	Yes	7	Yes	Yes	Yes	Yes	Yes	Yes	Yes	BAF47, Ini1, PPP1R144, RDT, SNF5, SNF5L1, Sfh1p, Snr1, hSNFS
SMO	6608	ENST00000249373	NM_005631.4	ENST00000249373	NM_005631.4	Yes	No	7	Yes	Yes	Yes	Yes	Yes	Yes	Yes	FZD11, SMOH
SOCS1	8651	ENST00000332029	NM_003745.1	ENST00000332029	NM_003745.1	No	Yes	7	Yes	Yes	Yes	Yes	Yes	Yes	Yes	Cish1, JAB, SOCS-1, SSI-1, TIP3
SPOP	8405	ENST00000347630	NM_001007228.1	ENST00000347630	NM_001007228.1	No	Yes	7	Yes	Yes	Yes	Yes	Yes	Yes	Yes	BTBD32, TEF2
STAG2	10735	ENST00000218089	NM_001042749.1	ENST00000218089	NM_001042749.1	No	Yes	7	Yes	Yes	Yes	Yes	Yes	Yes	Yes	SA-2, SA2, SCC3B
STK11	6794	ENST00000326873	NM_000455.4	ENST00000326873	NM_000455.4	No	Yes	7	Yes	Yes	Yes	Yes	Yes	Yes	Yes	LKB1, PJS
TET2	54790	ENST00000380013	NM_001127208.2	ENST00000380013	NM_001127208.2	No	Yes	7	Yes	Yes	Yes	Yes	Yes	Yes	Yes	FLJ20032, KIAA1546
TNFAIP3	7128	ENST00000237289	NM_006290.3	ENST00000237289	NM_006290.3	No	Yes	7	Yes	Yes	Yes	Yes	Yes	Yes	Yes	A20, OTUD7C
TP53	7157	ENST00000269305	NM_000546.5	ENST00000269305	NM_000546.5	No	Yes	7	Yes	Yes	Yes	Yes	Yes	Yes	Yes	LFS1, p53
TSC1	7248	ENST00000298552	NM_000368.4	ENST00000298552	NM_000368.4	No	Yes	7	Yes	Yes	Yes	Yes	Yes	Yes	Yes	KIAA0243, TSC, hamartin
U2AF1	7307	ENST00000291552	NM_006758.2	ENST00000291552	NM_006758.2	Yes	No	7	Yes	Yes	Yes	Yes	Yes	Yes	Yes	RNU2AF1, U2AF35, U2AFBP
VHL	7428	ENST00000256474	NM_000551.3	ENST00000256474	NM_000551.3	No	Yes	7	Yes	Yes	Yes	Yes	Yes	Yes	Yes	VHL1
WT1	7490	ENST00000332351	NM_024426.4	ENST00000452863	NM_024426.4	Yes	Yes	7	Yes	Yes	Yes	Yes	Yes	Yes	Yes	AWT1, GUD, NPHS4, WAGR, WIT-2
AKT2	208	ENST00000392038	NM_001626.4	ENST00000392038	NM_001626.4	Yes	No	6	Yes	Yes	Yes	Yes	Yes	No	Yes	PKBÎ²
ARID2	196528	ENST00000334344	NM_152641.2	ENST00000334344	NM_152641.2	No	Yes	6	Yes	Yes	Yes	No	Yes	Yes	Yes	BAF200, DKFZp686G052, FLJ30619, KIAA1557
ATR	545	ENST00000350721	NM_001184.3	ENST00000350721	NM_001184.3	No	Yes	6	Yes	Yes	Yes	Yes	Yes	No	Yes	FRP1, MEC1, SCKL, SCKL1
B2M	567	ENST00000558401	NM_004048.2	ENST00000559916	NM_004048.2	No	Yes	6	Yes	Yes	Yes	No	Yes	Yes	Yes	
BARD1	580	ENST00000260947	NM_000465.2	ENST00000260947	NM_000465.2	No	Yes	6	Yes	Yes	Yes	Yes	Yes	No	Yes	
BCL6	604	ENST00000232014	NM_001706.4	ENST00000232014	NM_001706.4	Yes	No	6	Yes	Yes	Yes	Yes	Yes	No	Yes	BCL5, BCL6A, LAZ3, ZBTB27, ZNF51
BRD4	23476	ENST00000263377	NM_058243.2	ENST00000263377	NM_058243.2	Yes	No	6	Yes	Yes	Yes	Yes	Yes	No	Yes	HUNK1, HUNKI, MCAP
BRIP1	83990	ENST00000259008	NM_032043.2	ENST00000259008	NM_032043.2	No	Yes	6	Yes	Yes	Yes	Yes	Yes	No	Yes	FANCJ
BTK	695	ENST00000308731	NM_000061.2	ENST00000308731	NM_000061.2	Yes	No	6	Yes	Yes	Yes	Yes	Yes	No	Yes	AGMX1, ATK, IMD1, PSCTK1, XLA
CALR	811	ENST00000316448	NM_004343.3	ENST00000316448	NM_004343.3	Yes	No	6	Yes	Yes	Yes	Yes	Yes	No	Yes	CRT, FLJ26680, RO, SSA, cC1qR
CASP8	841	ENST00000358485	NM_001080125.1	ENST00000358485	NM_001080125.1	No	Yes	6	Yes	Yes	Yes	Yes	No	Yes	Yes	Casp-8, FLICE, MACH, MCH5
CBFB	865	ENST00000412916	NM_022845.2	ENST00000412916	NM_022845.2	No	Yes	6	Yes	Yes	Yes	Yes	Yes	No	Yes	PEBP2B
CCND1	595	ENST00000227507	NM_053056.2	ENST00000227507	NM_053056.2	Yes	No	6	Yes	Yes	Yes	Yes	Yes	No	Yes	BCL1, D11S287E, PRAD1, U21B31
CCND2	894	ENST00000261254	NM_001759.3	ENST00000261254	NM_001759.3	Yes	No	6	Yes	Yes	Yes	Yes	Yes	No	Yes	
CCND3	896	ENST00000372991	NM_001760.3	ENST00000372991	NM_001760.3	Yes	No	6	Yes	Yes	Yes	Yes	Yes	No	Yes	
CCNE1	898	ENST00000262643	NM_001238.2	ENST00000262643	NM_001238.2	Yes	No	6	Yes	Yes	Yes	Yes	Yes	No	Yes	CCNE
CD274	29126	ENST00000381577	NM_014143.3	ENST00000381577	NM_014143.3	Yes	No	6	Yes	Yes	Yes	Yes	Yes	No	Yes	B7-H, B7-H1, B7H1, PD-L1, PDCD1LG1, PDL1
CD79A	973	ENST00000221972	NM_001783.3	ENST00000221972	NM_001783.3	Yes	No	6	Yes	Yes	Yes	Yes	Yes	No	Yes	IGA, MB-1
CD79B	974	ENST00000392795	NM_001039933.1	ENST00000392795	NM_001039933.1	Yes	No	6	Yes	Yes	Yes	Yes	Yes	No	Yes	B29, IGB
CDK12	51755	ENST00000447079	NM_016507.2	ENST00000447079	NM_016507.2	No	Yes	6	Yes	Yes	Yes	Yes	Yes	No	Yes	CRK7, CRKR, CRKRS, KIAA0904
CDK4	1019	ENST00000257904	NM_000075.3	ENST00000257904	NM_000075.3	Yes	No	6	Yes	Yes	Yes	Yes	Yes	No	Yes	PSK-J3
CDK6	1021	ENST00000265734	NM_001145306.1	ENST00000265734	NM_001145306.1	Yes	No	6	Yes	Yes	Yes	Yes	Yes	No	Yes	PLSTIRE
CDKN1B	1027	ENST00000228872	NM_004064.3	ENST00000228872	NM_004064.3	No	Yes	6	Yes	Yes	Yes	Yes	Yes	No	Yes	KIP1, P27KIP1
CDKN2C	1031	ENST00000262662	NM_078626.2	ENST00000262662	NM_078626.2	No	Yes	6	Yes	Yes	Yes	Yes	Yes	No	Yes	INK4C
CHEK2	11200	ENST00000328354	NM_007194.3	ENST00000404276	NM_007194.3	No	Yes	6	Yes	Yes	Yes	Yes	Yes	No	Yes	CHK2, HuCds1, PP1425, RAD53, bA444G7
CRLF2	64109	ENST00000381566	NM_022148.2	ENST00000381566	NM_022148.4	Yes	No	6	Yes	Yes	Yes	No	Yes	Yes	Yes	CRL2, TSLPR
CSF1R	1436	ENST00000286301	NM_005211.3	ENST00000286301	NM_005211.3	No	No	6	Yes	Yes	Yes	Yes	Yes	Yes	No	C-FMS, CD115, CSFR, FMS
CSF3R	1441	ENST00000361632	NM_000760.3	ENST00000361632	NM_000760.3	Yes	No	6	Yes	Yes	Yes	Yes	Yes	No	Yes	CD114, GCSFR
CTCF	10664	ENST00000264010	NM_006565.3	ENST00000264010	NM_006565.3	No	Yes	6	Yes	Yes	Yes	Yes	Yes	No	Yes	CFAP108, FAP108
CXCR4	7852	ENST00000241393	NM_003467.2	ENST00000241393	NM_003467.2	Yes	No	6	Yes	Yes	Yes	Yes	Yes	No	Yes	CD184, D2S201E, HM89, HSY3RR, LESTR, NPY3R, NPYY3R, fusin
DDR2	4921	ENST00000367921	NM_006182.2	ENST00000367921	NM_006182.2	Yes	No	6	Yes	Yes	Yes	Yes	Yes	No	Yes	NTRKR3, TYRO10
ERBB3	2065	ENST00000267101	NM_001982.3	ENST00000267101	NM_001982.3	Yes	No	6	Yes	Yes	Yes	Yes	Yes	No	Yes	HER3, LCCS2
ERBB4	2066	ENST00000342788	NM_005235.2	ENST00000342788	NM_005235.2	Yes	No	6	Yes	Yes	Yes	Yes	Yes	No	Yes	ALS19, HER4
ERG	2078	ENST00000288319	NM_182918.3	ENST00000288319	NM_182918.3	Yes	No	6	Yes	Yes	Yes	Yes	Yes	No	Yes	erg-3
ESR1	2099	ENST00000206249	NM_001122740.1	ENST00000206249	NM_001122740.1	Yes	No	6	Yes	Yes	Yes	Yes	Yes	No	Yes	ER-alpha, ESR, Era, NR3A1
ETV6	2120	ENST00000396373	NM_001987.4	ENST00000396373	NM_001987.4	No	Yes	6	Yes	Yes	Yes	Yes	Yes	No	Yes	TEL
FANCA	2175	ENST00000389301	NM_000135.2	ENST00000389301	NM_000135.2	No	Yes	6	Yes	Yes	Yes	Yes	Yes	No	Yes	FA-H, FAA, FACA, FANCH
FANCC	2176	ENST00000289081	NM_000136.2	ENST00000289081	NM_000136.2	No	Yes	6	Yes	Yes	Yes	Yes	Yes	No	Yes	FA3, FAC, FACC
FGFR1	2260	ENST00000425967	NM_001174067.1	ENST00000425967	NM_001174067.1	Yes	No	6	Yes	Yes	Yes	Yes	Yes	No	Yes	BFGFR, CD331, CEK, FLT2, H5, KAL2, N-SAM
FGFR4	2264	ENST00000292408	NM_213647.1	ENST00000292408	NM_213647.1	Yes	No	6	Yes	Yes	Yes	Yes	Yes	No	Yes	CD334, JTK2
FLCN	201163	ENST00000285071	NM_144997.5	ENST00000285071	NM_144997.5	No	Yes	6	Yes	Yes	Yes	Yes	Yes	No	Yes	BHD, DENND8B, MGC17998, MGC23445
FUBP1	8880	ENST00000370768	NM_003902.3	ENST00000370768	NM_003902.3	No	Yes	6	Yes	Yes	Yes	Yes	No	Yes	Yes	FUBP
GATA1	2623	ENST00000376670	NM_002049.3	ENST00000376670	NM_002049.3	No	No	6	Yes	Yes	Yes	No	Yes	Yes	Yes	ERYF1, GATA-1, GF1, NF-E1, NFE1
GATA2	2624	ENST00000341105	NM_032638.4	ENST00000341105	NM_032638.4	Yes	Yes	6	Yes	Yes	Yes	No	Yes	Yes	Yes	NFE1B
H3-3A	3020	ENST00000366813	NM_002107.4	ENST00000366815	NM_002107.4	Yes	No	6	Yes	Yes	Yes	Yes	No	Yes	Yes	H3.3A, H3F3, H3F3A
H3C2	8358	ENST00000244661	NM_003537.3	ENST00000621411	NM_003537.3	No	No	6	Yes	Yes	Yes	No	Yes	Yes	Yes	H3/l, H3FL, HIST1H3B
HGF	3082	ENST00000222390	NM_000601.4	ENST00000222390	NM_000601.4	Yes	No	6	Yes	Yes	Yes	Yes	Yes	No	Yes	DFNB39, F-TCF, HGFB, HPTA
IKZF1	10320	ENST00000331340	NM_006060.4	ENST00000331340	NM_006060.6	No	No	6	Yes	Yes	Yes	Yes	Yes	No	Yes	Hs.54452, IKAROS, LyF-1, PPP1R92, ZNFN1A1, hIk-1
IRF4	3662	ENST00000380956	NM_002460.3	ENST00000380956	NM_002460.3	Yes	No	6	Yes	Yes	Yes	Yes	Yes	No	Yes	LSIRF, MUM1
JUN	3725	ENST00000371222	NM_002228.3	ENST00000371222	NM_002228.3	Yes	No	6	Yes	Yes	Yes	Yes	Yes	No	Yes	AP-1, c-Jun
KDM5A	5927	ENST00000399788	NM_001042603.1	ENST00000399788	NM_001042603.1	Yes	No	6	Yes	Yes	Yes	Yes	Yes	No	Yes	JARID1A, RBBP2
KDR	3791	ENST00000263923	NM_002253.2	ENST00000263923	NM_002253.2	Yes	No	6	Yes	Yes	Yes	Yes	Yes	No	Yes	CD309, FLK1, VEGFR, VEGFR2
KEAP1	9817	ENST00000171111	NM_203500.1	ENST00000171111	NM_203500.1	No	Yes	6	Yes	Yes	Yes	Yes	Yes	No	Yes	INrf2, KIAA0132, KLHL19, MGC10630, MGC1114, MGC20887, MGC4407, MGC9454
KMT2A	4297	ENST00000534358	NM_001197104.1	ENST00000534358	NM_001197104.1	No	Yes	6	Yes	Yes	Yes	Yes	Yes	No	Yes	ALL-1, CXXC7, HRX, HTRX1, MLL, MLL1A, TRX1
KMT2C	58508	ENST00000262189	NM_170606.2	ENST00000262189	NM_170606.2	No	Yes	6	Yes	Yes	Yes	No	Yes	Yes	Yes	HALR, KIAA1506, MLL3
MAP2K2	5605	ENST00000262948	NM_030662.3	ENST00000262948	NM_030662.3	Yes	No	6	Yes	Yes	Yes	Yes	Yes	No	Yes	MEK2, PRKMK2
MAP2K4	6416	ENST00000353533	NM_003010.3	ENST00000353533	NM_003010.3	No	Yes	6	Yes	Yes	Yes	Yes	Yes	No	Yes	JNKK1, MEK4, MKK4, PRKMK4, SERK1
MAPK1	5594	ENST00000215832	NM_002745.4	ENST00000215832	NM_002745.4	Yes	No	6	Yes	Yes	Yes	Yes	Yes	No	Yes	ERK2, MAPK2, PRKM1, PRKM2, p41mapk
MDM2	4193	ENST00000462284	NM_002392.5	ENST00000258149	NM_002392.5	Yes	No	6	Yes	Yes	Yes	Yes	Yes	No	Yes	HDM2, MGC5370
MDM4	4194	ENST00000367182	NM_002393.4	ENST00000367182	NM_002393.4	Yes	No	6	Yes	Yes	Yes	Yes	Yes	No	Yes	HDMX, MDMX
MITF	4286	ENST00000394351	NM_000248.3	ENST00000394351	NM_000248.4	Yes	Yes	6	Yes	Yes	Yes	Yes	Yes	No	Yes	MI, WS2, WS2A, bHLHe32
MTOR	2475	ENST00000361445	NM_004958.3	ENST00000361445	NM_004958.3	Yes	No	6	Yes	Yes	Yes	Yes	Yes	No	Yes	FLJ44809, FRAP, FRAP1, FRAP2, RAFT1, RAPT1
MUTYH	4595	ENST00000372115	NM_001048171.1	ENST00000372115	NM_001048171.1	No	Yes	6	Yes	Yes	Yes	Yes	Yes	No	Yes	MYH
MYC	4609	ENST00000377970	NM_002467.4	ENST00000621592	NM_002467.4	Yes	No	6	Yes	Yes	Yes	Yes	Yes	No	Yes	MYCC, bHLHe39, c-Myc
MYCL	4610	ENST00000397332	NM_001033082.2	ENST00000397332	NM_001033082.2	Yes	No	6	Yes	Yes	Yes	Yes	Yes	No	Yes	LMYC, MYCL1, bHLHe38
MYCN	4613	ENST00000281043	NM_005378.4	ENST00000281043	NM_005378.4	Yes	No	6	Yes	Yes	Yes	Yes	Yes	No	Yes	MYCNOT, N-myc, NMYC, bHLHe37
NKX2-1	7080	ENST00000354822	NM_001079668.2	ENST00000354822	NM_001079668.2	Yes	No	6	Yes	Yes	Yes	Yes	Yes	No	Yes	BCH, NKX2A, TITF1, TTF-1
NSD2	7468	ENST00000382891	NM_001042424.2	ENST00000382891	NM_001042424.2	Yes	No	6	Yes	Yes	Yes	Yes	Yes	No	Yes	KMT3G, MMSET, WHSC1
NSD3	54904	ENST00000317025	NM_023034.1	ENST00000317025	NM_023034.1	No	No	6	Yes	Yes	Yes	Yes	Yes	No	Yes	FLJ20353, KMT3F, WHISTLE, WHSC1L1
NTRK1	4914	ENST00000524377	NM_002529.3	ENST00000524377	NM_002529.3	Yes	No	6	Yes	Yes	Yes	Yes	Yes	No	Yes	MTC, TRKA
NTRK2	4915	ENST00000277120	NM_006180.3	ENST00000277120	NM_006180.3	Yes	No	6	Yes	Yes	Yes	Yes	Yes	No	Yes	TRKB
NTRK3	4916	ENST00000360948	NM_001012338.2	ENST00000360948	NM_001012338.2	Yes	No	6	Yes	Yes	Yes	Yes	Yes	No	Yes	TRKC
PALB2	79728	ENST00000261584	NM_024675.3	ENST00000261584	NM_024675.3	No	Yes	6	Yes	Yes	Yes	Yes	Yes	No	Yes	FANCN, FLJ21816
PDCD1LG2	80380	ENST00000397747	NM_025239.3	ENST00000397747	NM_025239.3	Yes	No	6	Yes	Yes	Yes	Yes	Yes	No	Yes	B7-DC, Btdc, CD273, PD-L2, PDL2, bA574F11.2
PDGFRB	5159	ENST00000261799	NM_002609.3	ENST00000261799	NM_002609.3	Yes	No	6	Yes	Yes	Yes	Yes	Yes	No	Yes	CD140b, JTK12, PDGFR, PDGFR1
PHF6	84295	ENST00000332070	NM_001015877.1	ENST00000332070	NM_001015877.1	No	Yes	6	Yes	Yes	Yes	No	Yes	Yes	Yes	BFLS, BORJ, CENP-31, KIAA1823, MGC14797
PIM1	5292	ENST00000373509	NM_002648.3	ENST00000373509	NM_002648.3	No	No	6	Yes	Yes	Yes	Yes	Yes	No	Yes	PIM
PRKAR1A	5573	ENST00000358598	NM_212471.2	ENST00000358598	NM_212471.2	No	Yes	6	Yes	Yes	Yes	Yes	Yes	No	Yes	CNC1, PRKAR1, TSE1
RAD21	5885	ENST00000297338	NM_006265.2	ENST00000297338	NM_006265.2	No	Yes	6	Yes	Yes	Yes	Yes	Yes	No	Yes	KIAA0078, SCC1, hHR21
RAF1	5894	ENST00000251849	NM_002880.3	ENST00000251849	NM_002880.3	Yes	No	6	Yes	Yes	Yes	Yes	Yes	No	Yes	CRAF, Raf-1, c-Raf
RARA	5914	ENST00000254066	NM_000964.3	ENST00000254066	NM_000964.3	No	No	6	Yes	Yes	Yes	Yes	Yes	No	Yes	NR1B1
ROS1	6098	ENST00000368508	NM_002944.2	ENST00000368508	NM_002944.2	Yes	No	6	Yes	Yes	Yes	Yes	Yes	No	Yes	MCF3, ROS, c-ros-1
RUNX1	861	ENST00000300305	NM_001754.4	ENST00000300305	NM_001754.4	No	Yes	6	Yes	Yes	Yes	No	Yes	Yes	Yes	AML1, AMLCR1, CBFA2, PEBP2A2
SDHA	6389	ENST00000264932	NM_004168.2	ENST00000264932	NM_004168.2	No	Yes	6	Yes	Yes	Yes	Yes	Yes	No	Yes	FP, SDH2, SDHF
SDHB	6390	ENST00000375499	NM_003000.2	ENST00000375499	NM_003000.2	No	Yes	6	Yes	Yes	Yes	Yes	Yes	No	Yes	SDH, SDH1
SDHC	6391	ENST00000367975	NM_003001.3	ENST00000367975	NM_003001.3	No	Yes	6	Yes	Yes	Yes	Yes	Yes	No	Yes	CYB560, PGL3, cybL
SDHD	6392	ENST00000375549	NM_003002.3	ENST00000375549	NM_003002.3	No	Yes	6	Yes	Yes	Yes	Yes	Yes	No	Yes	PGL, PGL1, cybS
SOX2	6657	ENST00000325404	NM_003106.3	ENST00000325404	NM_003106.3	Yes	No	6	Yes	Yes	Yes	Yes	Yes	No	Yes	
SPEN	23013	ENST00000375759	NM_015001.2	ENST00000375759	NM_015001.2	No	Yes	6	Yes	Yes	Yes	Yes	Yes	No	Yes	KIAA0929, MINT, RBM15C, SHARP
SRC	6714	ENST00000358208	NM_198291.2	ENST00000358208	NM_198291.2	Yes	No	6	Yes	Yes	Yes	Yes	Yes	No	Yes	ASV, SRC1, c-src
SRSF2	6427	ENST00000359995	NM_003016.4	ENST00000359995	NM_003016.4	No	No	6	Yes	Yes	Yes	No	Yes	Yes	Yes	PR264, SC-35, SC35, SFRS2, SFRS2A
STAT3	6774	ENST00000264657	NM_139276.2	ENST00000264657	NM_139276.2	Yes	No	6	Yes	Yes	Yes	Yes	Yes	No	Yes	APRF
SUFU	51684	ENST00000369902	NM_016169.3	ENST00000369902	NM_016169.3	No	Yes	6	Yes	Yes	Yes	Yes	Yes	No	Yes	PRO1280, SUFUH, SUFUXL
SYK	6850	ENST00000375746	NM_003177.5	ENST00000375746	NM_003177.5	Yes	No	6	Yes	Yes	Yes	Yes	Yes	No	Yes	
TENT5C	54855	ENST00000369448	NM_017709.3	ENST00000369448	NM_017709.3	No	Yes	6	Yes	Yes	Yes	Yes	Yes	No	Yes	FAM46C, FLJ20202
TGFBR2	7048	ENST00000295754	NM_003242.5	ENST00000295754	NM_003242.6	No	Yes	6	Yes	Yes	Yes	Yes	Yes	No	Yes	MFS2, TBR-ii, TBRII
TMPRSS2	7113	ENST00000398585	NM_001135099.1	ENST00000398585	NM_001135099.1	No	No	6	Yes	Yes	Yes	Yes	Yes	No	Yes	PRSS10
TNFRSF14	8764	ENST00000355716	NM_003820.2	ENST00000355716	NM_003820.2	No	Yes	6	Yes	Yes	Yes	Yes	Yes	No	Yes	ATAR, CD270, HVEA, HVEM, LIGHTR
TSC2	7249	ENST00000219476	NM_000548.3	ENST00000219476	NM_000548.3	No	Yes	6	Yes	Yes	Yes	Yes	Yes	No	Yes	LAM, PPP1R160, TSC4, tuberin
XPO1	7514	ENST00000401558	NM_003400.3	ENST00000401558	NM_003400.3	Yes	No	6	Yes	Yes	Yes	Yes	Yes	No	Yes	CRM-1, CRM1, emb
AKT3	10000	ENST00000263826	NM_005465.4	ENST00000263826	NM_005465.4	Yes	No	5	Yes	Yes	Yes	Yes	Yes	No	No	PKBG, PRKBG, RAC-gamma
ARAF	369	ENST00000377045	NM_001654.4	ENST00000377045	NM_001654.4	Yes	No	5	Yes	Yes	Yes	Yes	Yes	No	No	ARAF1
ARID1B	57492	ENST00000346085	NM_020732.3	ENST00000647938	NM_020732.3	No	Yes	5	Yes	Yes	Yes	No	No	Yes	Yes	6A3-5, BAF250b, DAN15, ELD/OSA1, KIAA1235, p250R
AURKA	6790	ENST00000312783	NM_003600.2	ENST00000312783	NM_003600.2	Yes	No	5	Yes	Yes	Yes	Yes	Yes	No	No	AIK, ARK1, AurA, BTAK, PPP1R47, STK15, STK6
AURKB	9212	ENST00000585124	NM_004217.3	ENST00000585124	NM_004217.3	Yes	No	5	Yes	Yes	Yes	Yes	Yes	No	No	ARK2, Aik2, AurB, IPL1, PPP1R48, STK12, STK5
AXL	558	ENST00000301178	NM_021913.4	ENST00000301178	NM_021913.4	Yes	No	5	Yes	Yes	Yes	Yes	Yes	No	No	JTK11, Tyro7, UFO
BCL10	8915	ENST00000370580	NM_003921.4	ENST00000648566	NM_003921.4	No	Yes	5	Yes	Yes	Yes	No	Yes	No	Yes	CIPER, CLAP, c-E10, mE10
BCORL1	63035	ENST00000218147		ENST00000218147	NM_021946.4	No	Yes	5	Yes	No	Yes	Yes	Yes	No	Yes	CXorf10, FLJ11362
BCR	613	ENST00000305877	NM_004327.3	ENST00000305877	NM_004327.3	Yes	No	5	Yes	No	Yes	Yes	Yes	No	Yes	ALL, BCR1, CML, D22S11, D22S662, PHL
BIRC3	330	ENST00000263464	NM_182962.2	ENST00000263464	NM_182962.2	Yes	Yes	5	Yes	Yes	Yes	No	Yes	No	Yes	API2, MALT2, MIHC, RNF49, c-IAP2, cIAP2, hiap-1
BLM	641	ENST00000355112	NM_000057.2	ENST00000355112	NM_000057.2	No	Yes	5	Yes	Yes	Yes	No	Yes	No	Yes	BS, RECQ2, RECQL3
BTG1	694	ENST00000256015	NM_001731.2	ENST00000256015	NM_001731.2	No	Yes	5	Yes	No	Yes	Yes	Yes	No	Yes	APRO2
CDK8	1024	ENST00000381527	NM_001260.1	ENST00000381527	NM_001260.1	Yes	No	5	Yes	Yes	Yes	Yes	Yes	No	No	K35
CDKN2B	1030	ENST00000276925	NM_004936.3	ENST00000276925	NM_004936.3	No	Yes	5	Yes	Yes	Yes	Yes	Yes	No	No	CDK4I, INK4B, MTS2, P15, TP15, p15INK4b
CHEK1	1111	ENST00000428830	NM_001274.5	ENST00000428830	NM_001274.5	No	Yes	5	Yes	Yes	Yes	Yes	Yes	No	No	CHK1
CRKL	1399	ENST00000354336	NM_005207.3	ENST00000354336	NM_005207.3	Yes	No	5	Yes	Yes	Yes	Yes	Yes	No	No	
CYLD	1540	ENST00000398568	NM_001042355.1	ENST00000398568	NM_001042355.1	No	Yes	5	Yes	Yes	Yes	No	No	Yes	Yes	CYLD1, KIAA0849, USPL2
DOT1L	84444	ENST00000398665	NM_032482.2	ENST00000398665	NM_032482.2	Yes	No	5	Yes	Yes	Yes	Yes	Yes	No	No	DOT1, KIAA1814, KMT4
EED	8726	ENST00000263360	NM_003797.3	ENST00000263360	NM_003797.3	No	Yes	5	Yes	Yes	Yes	Yes	Yes	No	No	HEED, WAIT-1
EIF4A2	1974	ENST00000323963	NM_001967.3	ENST00000323963	NM_001967.3	Yes	No	5	Yes	Yes	Yes	No	Yes	No	Yes	BM-010, DDX2B
EPHA3	2042	ENST00000336596	NM_005233.5	ENST00000336596	NM_005233.5	No	Yes	5	Yes	Yes	Yes	Yes	Yes	No	No	ETK, ETK1, HEK, HEK4, TYRO4
EPHB1	2047	ENST00000398015	NM_004441.4	ENST00000398015	NM_004441.4	Yes	Yes	5	Yes	Yes	Yes	Yes	Yes	No	No	EPHT2, Hek6
ERCC4	2072	ENST00000311895	NM_005236.2	ENST00000311895	NM_005236.2	No	Yes	5	Yes	Yes	Yes	Yes	No	No	Yes	FANCQ, XPF
ETV1	2115	ENST00000405192	NM_001163147.1	ENST00000405192	NM_001163147.1	Yes	No	5	Yes	Yes	Yes	No	Yes	No	Yes	ER81
FAS	355	ENST00000355740	NM_000043.4	ENST00000652046	NM_000043.6	No	Yes	5	Yes	No	Yes	Yes	Yes	No	Yes	APO-1, APT1, CD95, FAS1, TNFRSF6
FGF19	9965	ENST00000294312	NM_005117.2	ENST00000294312	NM_005117.2	Yes	No	5	Yes	Yes	Yes	Yes	Yes	No	No	
FGF3	2248	ENST00000334134	NM_005247.2	ENST00000334134	NM_005247.2	Yes	No	5	Yes	Yes	Yes	Yes	Yes	No	No	HBGF-3, INT2
FGF4	2249	ENST00000168712	NM_002007.2	ENST00000168712	NM_002007.2	Yes	No	5	Yes	Yes	Yes	Yes	Yes	No	No	HBGF-4, HST, HST-1, HSTF1, K-FGF, KFGF
FH	2271	ENST00000366560	NM_000143.3	ENST00000366560	NM_000143.3	No	Yes	5	Yes	Yes	Yes	Yes	No	No	Yes	
FLT1	2321	ENST00000282397	NM_002019.4	ENST00000282397	NM_002019.4	Yes	No	5	Yes	Yes	Yes	Yes	Yes	No	No	FLT, VEGFR1
FLT4	2324	ENST00000261937	NM_182925.4	ENST00000261937	NM_182925.4	Yes	No	5	Yes	Yes	Yes	No	Yes	No	Yes	VEGFR-3, VEGFR3
FOXO1	2308	ENST00000379561	NM_002015.3	ENST00000379561	NM_002015.3	No	Yes	5	Yes	Yes	Yes	No	Yes	No	Yes	FKH1, FKHR, FOXO1A
FOXP1	27086	ENST00000318789	NM_001244814.1	ENST00000318789	NM_001244814.1	Yes	Yes	5	Yes	Yes	Yes	No	Yes	No	Yes	12CC4, HSPC215, QRF1, hFKH1B
GRIN2A	2903	ENST00000330684	NM_001134407.1	ENST00000330684	NM_001134407.1	No	Yes	5	Yes	Yes	Yes	No	Yes	No	Yes	GluN2A, NMDAR2A
GSK3B	2932	ENST00000316626	NM_002093.3	ENST00000316626	NM_002093.3	Yes	No	5	Yes	Yes	Yes	Yes	Yes	No	No	
ID3	3399	ENST00000374561	NM_002167.4	ENST00000374561	NM_002167.4	No	Yes	5	Yes	Yes	Yes	Yes	Yes	No	No	HEIR-1, bHLHb25
IGF1R	3480	ENST00000268035	NM_000875.3	ENST00000650285	NM_000875.3	Yes	No	5	Yes	Yes	Yes	Yes	Yes	No	No	CD221, IGFIR, IGFR, JTK13, MGC18216
IKBKE	9641	ENST00000367120	NM_014002.3	ENST00000581977	NM_014002.3	Yes	No	5	Yes	Yes	Yes	Yes	Yes	No	No	IKK-i, IKKE, KIAA0151
IL7R	3575	ENST00000303115	NM_002185.3	ENST00000303115	NM_002185.3	Yes	No	5	Yes	Yes	Yes	No	Yes	No	Yes	CD127, IL7RA
INPP4B	8821	ENST00000262992	NM_001101669.1	ENST00000262992	NM_001101669.1	No	Yes	5	Yes	Yes	Yes	Yes	Yes	No	No	
IRS2	8660	ENST00000375856	NM_003749.2	ENST00000375856	NM_003749.2	Yes	No	5	Yes	Yes	Yes	Yes	Yes	No	No	
KLF4	9314	ENST00000374672	NM_004235.4	ENST00000374672	NM_004235.4	Yes	Yes	5	Yes	Yes	Yes	No	No	Yes	Yes	EZF, GKLF
LMO1	4004	ENST00000335790	NM_002315.2	ENST00000335790	NM_002315.2	Yes	No	5	Yes	Yes	Yes	No	Yes	No	Yes	RBTN1, RHOM1
MALT1	10892	ENST00000348428	NM_006785.3	ENST00000649217	NM_006785.3	No	No	5	Yes	Yes	Yes	No	Yes	No	Yes	MLT, PCASP1
MAP3K13	9175	ENST00000265026	NM_004721.4	ENST00000265026	NM_004721.4	Yes	No	5	Yes	Yes	Yes	Yes	No	No	Yes	LZK, MEKK13
MCL1	4170	ENST00000369026	NM_021960.4	ENST00000369026	NM_021960.4	Yes	No	5	Yes	Yes	Yes	Yes	Yes	No	No	BCL2L3, Mcl-1
MEF2B	100271849	ENST00000162023	NM_001145785.1	ENST00000424583	NM_001145785.1	Yes	No	5	Yes	Yes	Yes	Yes	Yes	No	No	RSRFR2
MRE11	4361	ENST00000323929	NM_005591.3	ENST00000323929	NM_005591.3	No	Yes	5	Yes	Yes	Yes	Yes	Yes	No	No	ATLD, MRE11A
MSH3	4437	ENST00000265081	NM_002439.4	ENST00000265081	NM_002439.4	No	Yes	5	Yes	Yes	Yes	Yes	Yes	No	No	
MSI2	124540	ENST00000284073	NM_138962.2	ENST00000284073	NM_138962.2	Yes	No	5	Yes	Yes	Yes	No	Yes	No	Yes	
NBN	4683	ENST00000265433	NM_002485.4	ENST00000265433	NM_002485.4	No	Yes	5	Yes	Yes	Yes	Yes	No	No	Yes	AT-V1, AT-V2, ATV, NBS, NBS1
NCOR1	9611	ENST00000268712	NM_006311.3	ENST00000268712	NM_006311.3	No	Yes	5	Yes	Yes	Yes	No	No	Yes	Yes	KIAA1047, MGC104216, N-CoR, PPP1R109, TRAC1, hCIT529I10, hN-CoR
NFKBIA	4792	ENST00000216797	NM_020529.2	ENST00000216797	NM_020529.2	No	Yes	5	Yes	Yes	Yes	Yes	Yes	No	No	IKBA, IkappaBalpha, MAD-3, NFKBI
NSD1	64324	ENST00000439151	NM_022455.4	ENST00000439151	NM_022455.4	Yes	Yes	5	Yes	Yes	Yes	No	Yes	No	Yes	ARA267, FLJ22263, KMT3B, STO
NT5C2	22978	ENST00000343289	NM_001134373.2	ENST00000343289	NM_001134373.2	Yes	No	5	Yes	No	Yes	Yes	Yes	No	Yes	GMP, NT5B, PNT5, SPG45, SPG65, cN-II
P2RY8	286530	ENST00000381297	NM_178129.4	ENST00000381297	NM_178129.4	No	Yes	5	Yes	No	Yes	Yes	Yes	No	Yes	P2Y8
PDCD1	5133	ENST00000334409	NM_005018.2	ENST00000334409	NM_005018.2	Yes	No	5	Yes	Yes	Yes	Yes	Yes	No	No	CD279, PD-1, SLEB2, hSLE1
PIK3CB	5291	ENST00000289153	NM_006219.2	ENST00000289153	NM_006219.2	Yes	No	5	Yes	Yes	Yes	Yes	No	No	Yes	PIK3C1
PMS2	5395	ENST00000265849	NM_000535.5	ENST00000265849	NM_000535.5	No	Yes	5	Yes	Yes	Yes	Yes	No	No	Yes	HNPCC4, H_DJ0042M02.9, MLH4, PMSL2
POLD1	5424	ENST00000440232	NM_002691.3	ENST00000440232	NM_002691.3	No	Yes	5	Yes	Yes	Yes	Yes	No	No	Yes	POLD
POLE	5426	ENST00000320574	NM_006231.2	ENST00000320574	NM_006231.2	No	Yes	5	Yes	Yes	Yes	Yes	No	No	Yes	POLE1
POT1	25913	ENST00000357628	NM_015450.2	ENST00000357628	NM_015450.2	No	Yes	5	Yes	Yes	Yes	No	Yes	No	Yes	DKFZp586D211, hPot1
PPARG	5468	ENST00000287820	NM_015869.4	ENST00000287820	NM_015869.4	Yes	No	5	Yes	Yes	Yes	Yes	No	No	Yes	NR1C3, PPARG1, PPARG2, PPARgamma
RAC1	5879	ENST00000356142	NM_018890.3	ENST00000356142	NM_018890.3	Yes	No	5	Yes	Yes	Yes	Yes	No	No	Yes	Rac-1, TC-25, p21-Rac1
RAD50	10111	ENST00000265335	NM_005732.3	ENST00000378823	NM_005732.3	No	Yes	5	Yes	Yes	Yes	No	Yes	No	Yes	RAD50-2, hRad50
RAD51	5888	ENST00000267868	NM_002875.4	ENST00000267868	NM_002875.4	No	Yes	5	Yes	Yes	Yes	Yes	Yes	No	No	BRCC5, FANCR, HsRad51, HsT16930, RAD51A, RECA
RAD51B	5890	ENST00000487270	NM_133509.3	ENST00000487270	NM_133509.3	No	Yes	5	Yes	Yes	Yes	Yes	No	No	Yes	R51H2, RAD51L1, REC2, hREC2
RBM10	8241	ENST00000329236	NM_001204468.1	ENST00000628161	NM_001204468.1	No	Yes	5	Yes	Yes	Yes	Yes	No	No	Yes	DXS8237E, GPATC9, GPATCH9, KIAA0122, S1-1, ZRANB5
REL	5966	ENST00000295025	NM_002908.2	ENST00000295025	NM_002908.2	Yes	No	5	Yes	Yes	Yes	Yes	No	No	Yes	HIVEN86A, I-Rel, c-Rel
RHOA	387	ENST00000418115	NM_001664.2	ENST00000418115	NM_001664.2	Yes	No	5	Yes	Yes	Yes	No	Yes	No	Yes	ARH12, ARHA, RHOH12, Rho12
RICTOR	253260	ENST00000357387	NM_152756.3	ENST00000357387	NM_152756.3	Yes	No	5	Yes	Yes	Yes	Yes	Yes	No	No	AVO3, KIAA1999, MGC39830, PIA
RPTOR	57521	ENST00000306801	NM_020761.2	ENST00000306801	NM_020761.2	Yes	No	5	Yes	Yes	Yes	Yes	Yes	No	No	KIAA1303, KOG1, Mip1, raptor
SETBP1	26040	ENST00000282030	NM_015559.2	ENST00000649279	NM_015559.2	Yes	No	5	Yes	No	Yes	No	Yes	Yes	Yes	KIAA0437, SEB
SOX9	6662	ENST00000245479	NM_000346.3	ENST00000245479	NM_000346.3	Yes	Yes	5	Yes	Yes	Yes	Yes	No	Yes	No	CMD1, CMPD1
STAT5B	6777	ENST00000293328	NM_012448.3	ENST00000293328	NM_012448.3	Yes	No	5	Yes	Yes	Yes	No	Yes	No	Yes	
SUZ12	23512	ENST00000322652	NM_015355.2	ENST00000322652	NM_015355.2	No	Yes	5	Yes	Yes	Yes	No	Yes	No	Yes	CHET9, JJAZ1, KIAA0160
TBX3	6926	ENST00000257566	NM_016569.3	ENST00000257566	NM_016569.3	No	Yes	5	Yes	Yes	Yes	Yes	No	No	Yes	TBX3-ISO, UMS, XHL
TCF3	6929	ENST00000344749	NM_001136139.2	ENST00000588136	NM_001136139.2	No	Yes	5	Yes	Yes	Yes	No	Yes	No	Yes	E2A, E47, ITF1, MGC129647, MGC129648, VDIR, bHLHb21
TERT	7015	ENST00000310581	NM_198253.2	ENST00000310581	NM_198253.2	Yes	No	5	Yes	Yes	Yes	Yes	No	No	Yes	EST2, TCS1, TP2, TRT, hEST2
TET1	80312	ENST00000373644	NM_030625.2	ENST00000373644	NM_030625.2	No	Yes	5	Yes	Yes	Yes	No	Yes	No	Yes	CXXC6, KIAA1676, LCX, bA119F7.1
TOP1	7150	ENST00000361337	NM_003286.2	ENST00000361337	NM_003286.2	Yes	No	5	Yes	Yes	Yes	No	Yes	No	Yes	
TP63	8626	ENST00000264731	NM_003722.4	ENST00000264731	NM_003722.4	Yes	Yes	5	Yes	Yes	Yes	No	Yes	No	Yes	EEC3, KET, OFC8, SHFM4, TP53CP, TP53L, TP73L, p53CP, p63, p73H, p73L
TRAF7	84231	ENST00000326181	NM_032271.2	ENST00000326181	NM_032271.2	No	No	5	Yes	Yes	Yes	No	No	Yes	Yes	DKFZp586I021, MGC7807, RFWD1, RNF119
TSHR	7253	ENST00000298171	NM_000369.2	ENST00000541158	NM_000369.2	Yes	No	5	Yes	Yes	Yes	No	Yes	Yes	No	LGR3
ZRSR2	8233	ENST00000307771	NM_005089.3	ENST00000307771	NM_005089.3	No	No	5	Yes	Yes	Yes	No	Yes	No	Yes	U2AF1-RS2, U2AF1L2, URP, ZC3H22
ACVR1	90	ENST00000263640	NM_001111067.2	ENST00000263640	NM_001111067.2	Yes	No	4	Yes	Yes	Yes	No	No	No	Yes	ACVR1A, ACVRLK2, ALK2, SKR1
ACVR1B	91	ENST00000257963	NM_004302	ENST00000257963	NM_004302	No	Yes	4	Yes	No	No	Yes	No	Yes	Yes	ACVRLK4, ALK4, ActRIB, SKR2
ALOX12B	242	ENST00000319144	NM_001139.2	ENST00000647874	NM_001139.2	Yes	Yes	4	Yes	Yes	Yes	Yes	No	No	No	12R-LOX
AXIN2	8313	ENST00000307078	NM_004655.3	ENST00000307078	NM_004655.3	No	Yes	4	Yes	Yes	Yes	No	No	No	Yes	DKFZp781B0869, MGC126582
BCL11B	64919	ENST00000357195	NM_138576.3	ENST00000357195	NM_138576.3	No	Yes	4	Yes	No	Yes	No	Yes	No	Yes	CTIP-2, CTIP2, ZNF856B, hRIT1-alpha
BCL2L1	598	ENST00000307677	NM_138578.1	ENST00000307677	NM_138578.1	No	No	4	Yes	Yes	Yes	Yes	No	No	No	BCL2L, BCLX, Bcl-X, PPP1R52, bcl-xL, bcl-xS
BMPR1A	657	ENST00000372037	NM_004329.2	ENST00000372037	NM_004329.2	No	Yes	4	Yes	Yes	Yes	No	No	No	Yes	ACVRLK3, ALK3, CD292
CDKN1A	1026	ENST00000244741	NM_078467.2	ENST00000244741	NM_078467.2	No	Yes	4	Yes	Yes	Yes	Yes	No	No	No	CAP20, CDKN1, SDI1, WAF1, p21CIP1, p21Cip1/Waf1
CIITA	4261	ENST00000324288	NM_001286402	ENST00000324288	NM_000246.3	No	Yes	4	Yes	No	Yes	No	Yes	No	Yes	MHC2TA, NLRA
CUL3	8452	ENST00000264414	NM_003590.4	ENST00000264414	NM_003590.4	No	Yes	4	Yes	Yes	Yes	Yes	No	No	No	
CUX1	1523	ENST00000292535	NM_181552.3	ENST00000292535	NM_181552.3	No	Yes	4	Yes	No	Yes	No	Yes	No	Yes	CDP, CDP/Cut, CDP/Cux, CDP1, CUT, CUTL1, CUX, Clox, Cux/CDP, GOLIM6
DDX3X	1654	ENST00000399959	NM_001356.4	ENST00000478993	NM_001356.4	No	Yes	4	Yes	No	Yes	No	Yes	No	Yes	DBX, DDX14, DDX3
DICER1	23405	ENST00000393063	NM_177438.2	ENST00000393063	NM_177438.2	No	Yes	4	Yes	Yes	Yes	No	No	No	Yes	Dicer, HERNA, K12H4.8-LIKE, KIAA0928, MNG1
DIS3	22894	ENST00000377767	NM_014953.3	ENST00000377767	NM_014953.3	No	Yes	4	Yes	Yes	Yes	Yes	No	No	No	EXOSC11, KIAA1008, RRP44, dis3p
DNAJB1	3337	ENST00000254322	NM_006145.1	ENST00000254322	NM_006145.1	No	No	4	Yes	Yes	Yes	No	No	No	Yes	HSPF1, Hsp40, RSPH16B, Sis1
DNMT1	1786	ENST00000340748	NM_001379.2	ENST00000340748	NM_001379.2	Yes	No	4	Yes	Yes	Yes	No	No	Yes	No	CXXC9, DNMT, MCMT
DROSHA	29102	ENST00000344624	NM_013235.4	ENST00000344624	NM_013235.4	No	No	4	Yes	Yes	Yes	No	No	No	Yes	Etohi2, HSA242976, RN3, RNASE3L, RNASEN
EPAS1	2034	ENST00000263734	NM_001430.4	ENST00000263734	NM_001430.4	No	No	4	Yes	Yes	Yes	No	No	No	Yes	HIF2A, MOP2, PASD2, bHLHe73
EPHA5	2044	ENST00000273854	NM_004439.5	ENST00000273854	NM_004439.5	No	No	4	Yes	Yes	Yes	No	Yes	No	No	CEK7, Hek7
EPHA7	2045	ENST00000369303	NM_004440.3	ENST00000369303	NM_004440.3	Yes	Yes	4	Yes	Yes	Yes	No	Yes	No	No	Hek11
ERCC2	2068	ENST00000391945	NM_000400.3	ENST00000391945	NM_000400.3	No	Yes	4	Yes	Yes	Yes	No	No	No	Yes	EM9, MGC102762, MGC126218, MGC126219, XPD
ERCC3	2071	ENST00000285398	NM_000122.1	ENST00000285398	NM_000122.1	No	Yes	4	Yes	Yes	Yes	No	No	No	Yes	RAD25, XPB
ERCC5	2073	ENST00000355739	NM_000123.3	ENST00000652225	NM_000123.4	No	Yes	4	Yes	Yes	Yes	No	No	No	Yes	ERCM2, XPGC
ERRFI1	54206	ENST00000377482	NM_018948.3	ENST00000377482	NM_018948.3	No	Yes	4	Yes	Yes	Yes	Yes	No	No	No	GENE-33, MIG-6, RALT
ETV4	2118	ENST00000319349	NM_001079675.2	ENST00000319349	NM_001079675.2	Yes	No	4	Yes	No	No	Yes	Yes	No	Yes	E1A-F, E1AF, PEA3
ETV5	2119	ENST00000306376	NM_004454.2	ENST00000306376	NM_004454.2	Yes	No	4	Yes	No	No	Yes	Yes	No	Yes	ERM
EWSR1	2130	ENST00000397938	NM_005243.3	ENST00000397938	NM_005243.3	Yes	No	4	Yes	No	No	Yes	Yes	No	Yes	EWS
FANCD2	2177	ENST00000383807	NM_001018115.1	ENST00000675286	NM_001018115.1	No	Yes	4	Yes	No	Yes	No	Yes	No	Yes	FA-D2, FACD, FANCD
FANCG	2189	ENST00000378643	NM_004629	ENST00000378643	NM_004629	No	Yes	4	Yes	No	No	Yes	Yes	No	Yes	FAG, XRCC9
FAT1	2195	ENST00000441802	NM_005245.3	ENST00000441802	NM_005245.3	No	Yes	4	Yes	Yes	Yes	No	No	No	Yes	CDHF7, CDHR8, FAT
FBXO11	80204	ENST00000403359	NM_001190274.1	ENST00000403359	NM_001190274.1	No	Yes	4	Yes	No	Yes	No	Yes	No	Yes	FBX11, UBR6
FOXA1	3169	ENST00000250448	NM_004496.3	ENST00000250448	NM_004496.3	Yes	Yes	4	Yes	Yes	Yes	No	No	No	Yes	HNF3A
GLI1	2735	ENST00000228682	NM_005269.2	ENST00000228682	NM_005269.2	Yes	No	4	Yes	Yes	Yes	No	Yes	No	No	GLI
GNA13	10672	ENST00000439174	NM_006572.5	ENST00000439174	NM_006572.5	Yes	Yes	4	Yes	No	Yes	Yes	Yes	No	No	G13, MGC46138
H1-2	3006	ENST00000343677	NM_005319.3	ENST00000343677	NM_005319.3	No	No	4	Yes	Yes	Yes	No	Yes	No	No	H1.2, H1F2, H1c, H1s-1, HIST1H1C
H3-3B	3021	ENST00000254810	NM_005324.3	ENST00000254810	NM_005324.3	No	No	4	Yes	Yes	Yes	No	No	No	Yes	H3.3B, H3F3B
HDAC1	3065	ENST00000373548	NM_004964.2	ENST00000373548	NM_004964.2	Yes	No	4	Yes	No	Yes	Yes	Yes	No	No	GON-10, HD1, KDAC1, RPD3L1
HLA-A	3105	ENST00000376809	NM_001242758.1	ENST00000376809	NM_001242758.1	No	Yes	4	Yes	Yes	Yes	No	No	No	Yes	
IKZF3	22806	ENST00000346872	NM_012481.4	ENST00000346872	NM_012481.4	Yes	Yes	4	Yes	No	Yes	No	Yes	No	Yes	Aiolos, ZNFN1A3
INHBA	3624	ENST00000242208	NM_002192.2	ENST00000242208	NM_002192.2	Yes	Yes	4	Yes	Yes	Yes	No	Yes	No	No	
LATS1	9113	ENST00000253339	NM_004690.3	ENST00000253339	NM_004690.3	No	Yes	4	Yes	Yes	Yes	No	No	No	Yes	WARTS
LATS2	26524	ENST00000382592	NM_014572.2	ENST00000382592	NM_014572.2	No	Yes	4	Yes	Yes	Yes	No	No	No	Yes	
LYN	4067	ENST00000519728	NM_002350.3	ENST00000519728	NM_002350.3	Yes	No	4	Yes	Yes	Yes	Yes	No	No	No	JTK8
MAF	4094	ENST00000393350	NM_001031804.2	ENST00000393350	NM_001031804.2	No	No	4	Yes	No	No	Yes	Yes	No	Yes	c-MAF
MAP3K14	9020	ENST00000344686	NM_003954.3	ENST00000344686	NM_003954.3	Yes	No	4	Yes	Yes	Yes	No	Yes	No	No	FTDCR1B, HS, HSNIK
MAX	4149	ENST00000358664	NM_002382.4	ENST00000358664	NM_002382.4	No	Yes	4	Yes	Yes	Yes	No	No	No	Yes	bHLHd4, bHLHd5, bHLHd6, bHLHd7, bHLHd8
MLLT1	4298	ENST00000252674	NM_005934.3	ENST00000252674	NM_005934.3	No	No	4	Yes	Yes	No	No	Yes	No	Yes	ENL, LTG19, YEATS1
MST1R	4486	ENST00000296474	NM_002447.2	ENST00000296474	NM_002447.2	Yes	No	4	Yes	Yes	Yes	Yes	No	No	No	CD136, CDw136, PTK8, RON, SEA
MYB	4602	ENST00000367814	NM_005375	ENST00000367814	NM_005375	Yes	No	4	Yes	No	No	Yes	Yes	No	Yes	c-myb
MYOD1	4654	ENST00000250003	NM_002478.4	ENST00000250003	NM_002478.4	No	Yes	4	Yes	Yes	Yes	No	No	No	Yes	MYF3, MYOD, bHLHc1
NCOR2	9612	ENST00000405201	NM_006312.6	ENST00000405201	NM_006312.6	No	No	4	Yes	No	Yes	No	Yes	No	Yes	CTG26, SMRT, SMRTE, TNRC14, TRAC-1
NOTCH3	4854	ENST00000263388	NM_000435.2	ENST00000263388	NM_000435.2	Yes	Yes	4	Yes	Yes	Yes	Yes	No	No	No	CADASIL, CASIL
NUP93	9688	ENST00000308159	NM_014669.4	ENST00000308159	NM_014669.4	No	No	4	Yes	Yes	Yes	No	Yes	No	No	KIAA0095
PARP1	142	ENST00000366794	NM_001618.3	ENST00000366794	NM_001618.3	No	Yes	4	Yes	Yes	Yes	Yes	No	No	No	ADPRT, ARTD1, PARP, PPOL
PHOX2B	8929	ENST00000226382	NM_003924.3	ENST00000226382	NM_003924.3	No	Yes	4	Yes	Yes	Yes	No	No	No	Yes	NBPhox, PMX2B
PIK3C2G	5288	ENST00000266497	NM_004570.4	ENST00000433979	NM_004570.4	No	No	4	Yes	Yes	Yes	Yes	No	No	No	
PIK3CG	5294	ENST00000359195	NM_002649.2	ENST00000359195	NM_002649.2	Yes	No	4	Yes	Yes	Yes	No	Yes	No	No	
PIK3R2	5296	ENST00000222254	NM_005027.3	ENST00000222254	NM_005027.3	No	Yes	4	Yes	Yes	Yes	No	Yes	No	No	P85B
PLCG2	5336	ENST00000359376	NM_002661.3	ENST00000564138	NM_002661.3	Yes	No	4	Yes	Yes	Yes	No	Yes	No	No	
PPM1D	8493	ENST00000305921	NM_003620.3	ENST00000305921	NM_003620.3	Yes	No	4	Yes	Yes	Yes	No	No	No	Yes	PP2C-DELTA, Wip1
PPP6C	5537	ENST00000373547	NM_002721.4	ENST00000373547	NM_002721.4	No	Yes	4	Yes	Yes	Yes	No	No	No	Yes	PP6
PREX2	80243	ENST00000288368	NM_024870.2	ENST00000288368	NM_024870.2	No	No	4	Yes	Yes	Yes	No	No	No	Yes	DEP.2, DEPDC2, FLJ12987, P-REX2, PPP1R129
PRKCI	5584	ENST00000295797	NM_002740.5	ENST00000295797	NM_002740.5	Yes	No	4	Yes	Yes	Yes	Yes	No	No	No	DXS1179E, PKCI
PRKN	5071	ENST00000366898	NM_004562.2	ENST00000366898	NM_004562.2	No	Yes	4	Yes	Yes	Yes	Yes	No	No	No	AR-JP, PARK2, PDJ, parkin
PTPRT	11122	ENST00000373198	NM_133170.3	ENST00000373198	NM_133170.3	No	Yes	4	Yes	Yes	Yes	No	No	No	Yes	KIAA0283, RPTPrho
RAD51C	5889	ENST00000337432	NM_058216.2	ENST00000337432	NM_058216.2	No	Yes	4	Yes	Yes	Yes	Yes	No	No	No	FANCO, RAD51L2
RAD51D	5892	ENST00000345365	NM_002878.3	ENST00000345365	NM_002878.3	No	Yes	4	Yes	Yes	Yes	Yes	No	No	No	HsTRAD, R51H3, RAD51L3, Trad
RAD52	5893	ENST00000358495	NM_134424.2	ENST00000358495	NM_134424.2	No	No	4	Yes	Yes	Yes	Yes	No	No	No	
RAD54L	8438	ENST00000371975	NM_001142548.1	ENST00000371975	NM_001142548.1	No	No	4	Yes	Yes	Yes	Yes	No	No	No	RAD54A, hHR54, hRAD54
RECQL4	9401	ENST00000428558	NM_004260.3	ENST00000617875	NM_004260.4	No	Yes	4	Yes	Yes	Yes	No	No	No	Yes	RecQ4
RRAS2	22800	ENST00000256196	NM_012250.5	ENST00000256196	NM_012250.5	Yes	No	4	Yes	Yes	Yes	No	No	No	Yes	TC21
RUNX1T1	862	ENST00000265814	NM_001198626.1	ENST00000265814	NM_001198626.1	Yes	No	4	Yes	No	Yes	No	Yes	No	Yes	AML1T1, CBFA2T1, ETO, MTG8, ZMYND2
SDHAF2	54949	ENST00000301761	NM_017841.2	ENST00000301761	NM_017841.2	No	Yes	4	Yes	Yes	Yes	No	No	No	Yes	C11orf79, FLJ20487, PGL2, SDH5
SGK1	6446	ENST00000237305	NM_005627.3	ENST00000237305	NM_005627.3	Yes	No	4	Yes	No	Yes	Yes	Yes	No	No	SGK
SH2B3	10019	ENST00000341259	NM_005475.2	ENST00000341259	NM_005475.2	No	Yes	4	Yes	Yes	Yes	No	No	No	Yes	IDDM20, LNK
SMAD3	4088	ENST00000327367	NM_005902.3	ENST00000327367	NM_005902.3	No	Yes	4	Yes	Yes	Yes	No	No	No	Yes	HsT17436, JV15-2, MADH3
STAT5A	6776	ENST00000345506	NM_003152.3	ENST00000345506	NM_003152.3	Yes	No	4	Yes	Yes	Yes	No	Yes	No	No	STAT5
STAT6	6778	ENST00000300134	NM_001178078.1	ENST00000300134	NM_001178078.1	Yes	No	4	Yes	No	Yes	No	Yes	No	Yes	D12S1644, IL-4-STAT
TBL1XR1	79718	ENST00000430069	NM_024665.4	ENST00000430069	NM_024665.4	Yes	No	4	Yes	No	Yes	No	Yes	No	Yes	C21, DC42, FLJ12894, IRA1, TBLR1
TCF7L2	6934	ENST00000543371	NM_001146274.1	ENST00000627217	NM_001146274.1	No	Yes	4	Yes	Yes	Yes	No	No	No	Yes	TCF-4
TEK	7010	ENST00000380036	NM_000459.3	ENST00000380036	NM_000459.3	No	No	4	Yes	Yes	Yes	Yes	No	No	No	CD202b, TIE-2, TIE2, VMCM, VMCM1
TMEM127	55654	ENST00000258439	NM_001193304.2	ENST00000258439	NM_001193304.2	No	Yes	4	Yes	Yes	Yes	No	No	No	Yes	FLJ20507, FLJ22257
TRAF2	7186	ENST00000247668	NM_021138.3	ENST00000247668	NM_021138.3	No	No	4	Yes	Yes	Yes	No	Yes	No	No	RNF117, TRAP3
VEGFA	7422	ENST00000523873	NM_001171623.1	ENST00000523873	NM_001171623.1	Yes	No	4	Yes	Yes	Yes	Yes	No	No	No	VEGF, VEGF-A, VPF
WWTR1	25937	ENST00000360632	NM_001168280.1	ENST00000360632	NM_001168280.1	Yes	No	4	Yes	Yes	Yes	No	No	No	Yes	DKFZp586I1419
XRCC2	7516	ENST00000359321	NM_005431.1	ENST00000359321	NM_005431.1	No	Yes	4	Yes	Yes	Yes	Yes	No	No	No	FANCU
ZFHX3	463	ENST00000268489	NM_006885.3	ENST00000268489	NM_006885.3	No	Yes	4	Yes	Yes	Yes	No	No	No	Yes	ATBF1, C16orf47, FLJ26184, ZNF927

